age,gender,family_income,attendance,grades,paying_school_feeding,feeding_rate,orphans,parental_education,number_of_siblings,dropout
21,Male,221,0.3423836360335465,76.31083636013084,No,2,Yes,University,9,0
18,Male,242,0.41341644929526145,82.31608307088592,No,1,No,University,8,1
22,Female,205,0.7581850110765374,88.88874240036297,No,1,Yes,Masters,2,0
19,Female,986,0.7434237860766093,54.4505769049228,Yes,3,No,Secondary,7,0
21,Male,527,0.611940505337331,20.44608860547118,No,3,No,PHD,2,1
24,Female,404,0.10593071255849296,25.530907650393164,No,4,No,Secondary,2,0
17,Female,971,0.15156937158767358,29.56946740416042,No,4,No,Secondary,4,0
21,Female,416,0.09375692064555663,59.38024808096155,Yes,3,Yes,Masters,1,0
22,Female,734,0.5771727832875501,3.280962412860844,No,2,No,University,5,0
19,Female,108,0.877138441511404,63.60424687799683,Yes,4,Yes,University,6,0
18,Male,873,0.4338005122547718,36.4354238428232,Yes,3,No,Not_Educated,9,0
22,Female,172,0.1608481739577462,29.524180248964214,No,4,Yes,Masters,8,0
22,Male,458,0.558042325148967,87.94965707281264,No,3,No,Not_Educated,2,0
17,Female,322,0.8117522168657099,46.00023955807989,No,1,Yes,Masters,1,0
20,Male,515,0.74171206151293,9.505304553269278,Yes,3,No,Not_Educated,2,0
19,Female,652,0.8814507796750214,82.6746768026247,Yes,1,No,Primary,7,0
16,Male,469,0.27790209724886783,4.76412574365066,Yes,4,Yes,Secondary,4,0
22,Female,815,0.19395386726777486,72.67492241681967,Yes,3,No,Secondary,5,0
20,Male,363,0.8798164859419387,77.39062217706652,Yes,4,No,PHD,7,1
16,Female,939,0.6575603127780231,35.260260592885814,Yes,1,No,University,3,0
19,Male,789,0.31092893000755417,82.47878562777868,No,3,Yes,PHD,2,0
15,Female,959,0.7423480505725092,51.56594058564534,No,4,No,Primary,7,1
24,Male,417,0.8151183844803679,46.32936532727968,Yes,1,No,PHD,5,0
20,Male,183,0.6149782403411324,4.540328146869255,No,4,Yes,Secondary,1,0
23,Female,417,0.6878841098799151,29.002919364890587,No,2,Yes,University,1,1
15,Female,210,0.3752599044426663,93.10099708852998,Yes,1,Yes,Primary,9,1
24,Male,350,0.5386956673430391,39.18239632835,Yes,1,Yes,Secondary,5,0
17,Female,482,0.5241591707261622,54.670052055676834,No,1,Yes,Not_Educated,1,0
21,Male,106,0.8480477911307719,53.20216789842518,Yes,3,No,Masters,7,0
18,Male,558,0.8399639802821826,59.04310898226933,Yes,3,No,Primary,9,1
23,Male,183,0.8326804693470432,6.133095564328261,No,3,No,University,1,0
17,Female,307,0.011031614262465794,36.21762547987283,Yes,2,Yes,PHD,4,0
19,Male,999,0.7495454844688882,72.31282738825541,No,2,No,PHD,3,1
17,Male,489,0.7586763901110049,20.056025107298293,No,1,Yes,Primary,5,0
21,Female,413,0.6783788228551418,20.357837754636044,No,2,Yes,University,7,1
19,Female,121,0.7562646578914526,1.0090606689024728,No,4,No,Primary,8,0
23,Female,509,0.8419703714967087,43.748192660820976,No,1,Yes,University,2,0
21,Female,994,0.47031905410178565,88.2734380673422,Yes,1,Yes,PHD,7,0
16,Male,614,0.5020502134884471,5.190094358730901,Yes,4,No,Secondary,1,1
18,Male,226,0.12471405691139048,19.111870949600263,Yes,1,Yes,Not_Educated,7,0
23,Male,908,0.3853758830473618,31.008453834275507,Yes,2,Yes,Secondary,8,0
16,Male,799,0.6433651799117843,73.17247365642129,No,3,No,Not_Educated,2,0
24,Female,973,0.7803997761472745,64.06355928025866,No,4,Yes,PHD,9,1
23,Male,113,0.21720909769121055,41.5943904581855,Yes,2,Yes,Secondary,1,1
24,Male,111,0.1378228991592354,75.90689392583757,No,4,No,Secondary,6,0
19,Female,186,0.6630420045004922,60.96310116569019,Yes,4,No,Primary,1,0
16,Male,623,0.0018798835249106416,89.60407996572191,Yes,1,No,Masters,3,1
18,Male,636,0.17837258430732983,81.8026749138693,Yes,1,No,PHD,6,0
21,Male,400,0.029071380343953734,25.281360608920057,No,2,Yes,University,3,0
22,Male,342,0.16688511785487092,27.14385776342002,No,4,Yes,PHD,8,0
17,Male,221,0.18131927992550523,12.535647579238562,No,1,No,University,5,1
15,Male,246,0.3876735947503942,33.69647257174565,No,1,Yes,University,2,0
18,Female,666,0.40232712468655596,99.95439187190944,Yes,4,Yes,Not_Educated,4,0
16,Female,849,0.8742624706102378,40.5751168615061,No,2,No,University,9,0
22,Male,455,0.5101097124988252,22.04884346891064,No,2,No,University,4,0
18,Male,784,0.7234047656122863,76.2482884475553,No,4,Yes,Primary,8,0
16,Female,832,0.10413735792028744,54.24710034626561,Yes,2,No,Secondary,5,0
20,Male,730,0.22543875546369385,14.960144952695254,Yes,1,No,PHD,1,0
20,Male,408,0.7029434409786768,38.06896811608658,No,4,No,PHD,7,0
24,Male,794,0.05280396046852809,41.44697155393433,No,1,Yes,University,3,0
18,Female,387,0.4865976622437531,75.38297005692186,No,3,No,Masters,8,1
20,Male,406,0.5993689656629339,2.0671368891904462,No,3,Yes,PHD,3,1
16,Female,911,0.602145644052481,26.901964679831046,Yes,2,Yes,University,1,1
24,Male,693,0.02293281126804203,51.7596301315522,No,3,Yes,Not_Educated,5,0
16,Female,822,0.3221080042291855,26.884674245284334,No,1,No,Not_Educated,2,0
24,Female,761,0.636490651049154,62.84340474189989,No,3,No,Not_Educated,4,0
18,Male,648,0.14899973614924344,48.18674792746166,Yes,1,No,University,1,1
22,Female,451,0.6954156483280532,36.17102548595806,Yes,2,No,Primary,9,1
21,Male,411,0.7459252088136745,94.92086268705123,No,2,No,Masters,6,1
23,Female,972,0.9819691904461453,63.21594991864574,No,1,Yes,University,8,0
22,Male,158,0.20984199485640942,12.994137226794123,No,3,Yes,Primary,4,0
19,Male,742,0.8251306676661152,56.00916974433955,No,2,Yes,Primary,9,0
16,Female,813,0.520296576918654,78.0731853200901,No,4,No,PHD,2,0
19,Male,854,0.37346259614417343,70.84896974927973,Yes,2,Yes,University,9,0
22,Male,134,0.12237675732517794,17.20892292952594,Yes,3,Yes,University,5,1
24,Female,544,0.7355056064875376,97.24199990401033,Yes,4,No,Primary,6,0
23,Male,192,0.2358575991436871,44.8813645746606,No,3,No,Primary,3,0
23,Male,306,0.37142200187304575,15.902500374026129,Yes,1,Yes,Primary,4,0
15,Female,452,0.06254222689736844,18.019575412814792,Yes,4,Yes,PHD,6,1
23,Female,431,0.801366915819519,9.823499218908049,Yes,3,No,University,7,0
21,Male,916,0.7665885239716433,80.35181084349344,No,4,No,Primary,1,0
23,Male,961,0.7336158300423125,12.203049432184866,No,3,No,Not_Educated,7,1
22,Female,824,0.29944351049188667,12.512525714174693,Yes,4,No,University,1,0
15,Female,258,0.17348007426595724,85.04716147608377,No,3,Yes,PHD,5,0
22,Male,123,0.6375532644702298,34.46040844475596,Yes,1,Yes,Not_Educated,6,0
22,Female,503,0.49616638411321945,3.085790430807245,Yes,4,No,Secondary,2,0
17,Male,904,0.17825246690464158,5.189529951841088,Yes,4,Yes,University,9,1
15,Male,615,0.6859112710498637,14.217044670389555,Yes,4,Yes,Secondary,6,1
22,Male,831,0.9911264318213037,21.339334797568952,No,4,No,Primary,7,0
17,Male,463,0.7472195877420377,66.51461942384054,No,1,Yes,PHD,8,0
17,Male,481,0.7399863866856118,15.732628000182824,No,4,Yes,Primary,1,0
15,Female,631,0.9503127529305917,11.8874391177072,No,2,Yes,PHD,8,0
19,Female,251,0.2029363675749022,76.47191414762791,Yes,1,No,Masters,4,0
24,Female,661,0.5655499649214404,67.10552838599145,No,2,No,Primary,8,0
21,Female,788,0.9796467150338835,43.53242214552362,Yes,4,Yes,Secondary,6,0
24,Male,707,0.16529411097017455,54.9309771480104,No,3,No,PHD,9,1
23,Male,716,0.700251959444521,31.198402032641848,No,2,No,Primary,4,0
21,Male,519,0.585810145971902,48.25004202353607,No,4,No,University,2,0
23,Male,349,0.586479092188707,50.66726489827458,Yes,2,Yes,PHD,2,0
22,Female,216,0.6976706275200751,38.723727117809595,Yes,4,Yes,PHD,5,1
16,Male,965,0.9296169228756842,90.65722106721627,Yes,4,No,Primary,9,0
15,Male,611,0.782581939851338,1.6061864981006146,Yes,4,Yes,Masters,3,0
21,Female,839,0.056136103416210004,78.21712630912462,No,3,Yes,Primary,8,0
21,Female,677,0.8527280198757112,12.438283124132433,Yes,2,Yes,Secondary,4,1
22,Female,434,0.22554132992573261,79.75473605371994,Yes,1,Yes,Secondary,6,0
19,Female,517,0.37691416473637196,61.59119156767212,No,1,Yes,PHD,6,1
17,Male,873,0.46173281361238216,84.32780909364024,No,1,No,PHD,3,1
22,Male,394,0.48090600075306966,9.751432564089747,Yes,1,Yes,Primary,5,1
20,Female,854,0.4351803992553568,55.898063409977404,No,4,Yes,Secondary,3,0
17,Male,470,0.9373532942158644,50.108788026219706,Yes,2,Yes,Secondary,1,0
15,Male,285,0.7060190076640246,70.61931829633586,No,2,No,Masters,7,0
17,Male,345,0.6311706459567064,53.42905518936758,Yes,3,No,University,4,1
19,Female,736,0.049842027782941556,54.07345671331042,Yes,2,No,Masters,7,0
17,Male,367,0.9039133302603747,42.95959435760647,Yes,2,Yes,Not_Educated,3,0
15,Female,742,0.9093901920083962,30.883442400734083,Yes,2,No,Masters,5,0
19,Male,336,0.7802130634301023,48.226436125219216,Yes,3,No,Primary,5,0
24,Male,629,0.007029203813619156,11.849235876840059,No,1,No,University,2,0
21,Male,651,0.057280251077623356,96.15133389830848,Yes,2,No,Primary,2,0
21,Female,120,0.22522370226848976,71.44107636265983,Yes,3,Yes,Not_Educated,4,0
23,Male,836,0.1313494081449067,95.24671166878468,Yes,3,No,University,4,1
24,Female,966,0.39883602970372944,22.672738232996327,Yes,4,No,PHD,4,0
24,Female,893,0.9226230580877897,87.9341020176528,Yes,3,Yes,Secondary,6,0
17,Female,619,0.4720604341969983,80.87899845635384,No,1,Yes,Masters,2,0
21,Male,199,0.01340262643216561,67.71524124576736,No,2,No,Primary,6,0
15,Male,851,0.282745689578762,62.502918608520574,Yes,3,Yes,Not_Educated,7,1
18,Male,577,0.04459490837296154,31.654966526787,No,1,No,Secondary,3,0
18,Male,698,0.03628762261350216,81.64107849650307,Yes,3,Yes,Masters,8,0
19,Female,397,0.27571985309555225,50.15154614797338,No,3,Yes,Secondary,2,0
21,Female,625,0.2756123386789454,7.089157589128536,No,3,No,Masters,8,1
21,Female,433,0.787126602601604,31.286316085513,Yes,3,Yes,PHD,5,0
18,Male,101,0.9748346527811119,93.52970985453275,No,3,No,University,2,1
21,Female,474,0.3712070938899983,85.06802606048463,No,1,Yes,Secondary,7,0
17,Male,392,0.4288868788610386,98.19056980765392,Yes,2,No,Secondary,2,0
20,Female,936,0.8447894362860214,62.79933826040981,Yes,2,Yes,Secondary,6,0
16,Male,652,0.2681390200955134,24.751007314041196,No,2,Yes,University,3,1
24,Male,417,0.15638180440344795,16.281504967686377,No,2,Yes,Not_Educated,9,0
23,Female,601,0.8530896234036505,18.691444060846163,No,1,Yes,Masters,3,1
19,Female,927,0.046500586440065494,1.9795658347254386,Yes,4,Yes,PHD,3,0
20,Female,480,0.6196994401994157,39.06821109859392,No,4,No,Secondary,5,0
18,Female,722,0.5619928474668068,19.14276804995425,No,1,Yes,University,7,0
24,Male,113,0.34592044750169426,41.16554604567024,No,1,No,Not_Educated,8,1
21,Female,603,0.315189521097359,93.49944318387654,Yes,3,No,Masters,7,0
23,Female,330,0.7718577261816213,43.05402095071899,Yes,3,No,University,9,1
21,Female,183,0.08642461076254648,87.79844969848348,Yes,3,Yes,PHD,5,1
15,Male,229,0.2367843093113854,60.55047666158765,Yes,2,No,PHD,3,1
15,Male,842,0.7324487318380898,24.71315546613919,No,3,Yes,Masters,6,0
23,Female,937,0.5483205837264242,35.58547592592114,Yes,4,No,Secondary,5,0
23,Male,244,0.1279882085335864,8.391953582142941,No,2,No,PHD,4,1
18,Female,990,0.8821356142820601,33.34625935960105,No,3,No,Not_Educated,2,0
23,Male,956,0.39344784656359155,67.7540945503534,No,2,No,University,7,0
17,Male,127,0.8278683753221728,7.211109292943519,No,4,No,Not_Educated,5,0
21,Male,165,0.7877130155277087,20.540140847802935,Yes,3,Yes,Secondary,4,0
20,Male,262,0.624425446471728,38.14410414133115,Yes,4,No,Not_Educated,8,0
22,Female,328,0.49448113129509297,98.20495370159625,Yes,4,No,Not_Educated,9,0
23,Female,360,0.9795508403817569,78.48618229588801,Yes,4,Yes,Primary,9,0
19,Female,548,0.14496507237981704,73.3486746492104,Yes,3,Yes,Not_Educated,3,0
15,Male,523,0.7251557275511148,11.619095652544598,No,1,Yes,Masters,3,0
17,Female,559,0.191190701464789,78.09958936149914,Yes,3,No,University,5,0
24,Female,775,0.3382631053323484,78.52688115160151,Yes,4,No,Primary,5,0
22,Female,400,0.30869874337319525,60.110269562432826,Yes,3,No,University,2,0
20,Male,402,0.947035987738723,99.0361781998372,Yes,4,No,University,1,0
22,Male,386,0.9673561777882752,32.525390592455196,No,1,No,Secondary,8,0
23,Male,494,0.18301544423472715,94.12724482418517,No,2,No,Secondary,3,0
18,Female,109,0.022035160297504186,91.47311149565036,No,1,Yes,Primary,1,1
15,Female,806,0.7200080396631131,1.1480659749377842,No,1,Yes,PHD,1,0
15,Female,729,0.41798993387048433,45.01165264748111,No,2,No,Secondary,2,1
24,Male,369,0.08884024508756438,97.71042330515733,Yes,3,No,Secondary,6,0
18,Male,691,0.6837541055770425,10.312136240807579,No,2,No,Secondary,6,0
21,Female,704,0.5451055282606997,54.778469438331946,No,3,No,University,3,0
16,Male,877,0.980516822001106,97.89575070411041,No,3,No,Primary,4,0
17,Male,943,0.22740949586137893,55.549542410586014,Yes,4,Yes,University,2,0
15,Male,961,0.40397787632654825,18.9815302972156,Yes,4,Yes,Masters,2,0
19,Male,460,0.5425458033954229,58.218323009258974,No,2,No,University,7,0
15,Female,356,0.7916999884533517,20.444057394954683,Yes,1,Yes,Masters,1,0
22,Male,232,0.5488386567200587,51.970426289448426,Yes,2,No,Not_Educated,7,0
15,Male,375,0.6129001608619492,7.4042217912348,No,3,No,Not_Educated,1,1
15,Male,875,0.22614705158994075,60.548266921440465,Yes,4,No,Masters,6,0
16,Male,782,0.8469187280885598,51.67899391281582,Yes,2,Yes,Masters,3,0
16,Female,612,0.42863054697047576,74.0161368761463,Yes,2,Yes,University,8,0
20,Female,412,0.14095962752176927,63.0700471158785,No,4,No,Masters,6,0
21,Male,675,0.6641879145054174,54.96062685307567,No,4,Yes,Primary,2,1
19,Male,985,0.2160904531853075,68.97788492481212,No,4,Yes,Not_Educated,8,0
15,Male,383,0.09756251023929974,14.394191357223086,Yes,3,No,Not_Educated,5,0
15,Male,220,0.8619869084042723,59.535966125860405,No,4,Yes,PHD,8,1
17,Male,206,0.46016226448843967,17.211060282277767,Yes,1,Yes,Masters,8,0
16,Male,786,0.7492837126957764,92.55222078518808,Yes,2,No,Secondary,6,0
19,Female,303,0.2905875598063551,6.833410484560421,Yes,4,No,Secondary,2,1
24,Male,264,0.7869701349176663,43.03747496907933,No,4,Yes,Masters,8,0
20,Female,404,0.11193592702153032,69.57974776554448,No,3,No,Primary,6,0
21,Female,596,0.3559733737948527,45.80222116682587,No,3,Yes,Secondary,6,0
18,Male,731,0.9780618179735285,9.209525323290235,No,2,No,PHD,8,0
21,Female,655,0.7939897163680061,55.337901612670734,Yes,1,No,Masters,1,0
22,Female,923,0.4972559303146882,64.16319088273545,No,2,No,Primary,2,1
15,Female,255,0.3397774715618851,70.37923109905077,Yes,4,No,Primary,9,0
20,Female,466,0.8721357000224765,37.32598144627589,No,1,Yes,University,8,1
22,Female,818,0.5448477590845157,56.36599710287622,No,1,No,Primary,7,1
19,Female,719,0.7584250178691111,45.06864749389131,No,1,No,Secondary,7,0
18,Male,350,0.754107680316164,67.20560387522534,Yes,1,No,Secondary,5,0
16,Female,981,0.01794567856849183,58.35569673248185,Yes,2,Yes,Masters,2,0
20,Female,433,0.12625378279261346,52.57562195591349,Yes,3,Yes,Masters,6,1
20,Female,741,0.6596293663947422,24.952436683824864,Yes,3,No,Primary,3,1
15,Male,610,0.16161981128587144,0.20185177482339167,Yes,4,No,PHD,4,0
23,Female,392,0.2554933446556047,17.408167531142926,No,3,No,Not_Educated,2,0
20,Male,119,0.9466379541996072,11.706604142416865,Yes,3,No,University,2,0
17,Female,381,0.5601822583749119,44.90847450109467,Yes,3,No,Not_Educated,8,1
18,Male,896,0.7507295069993472,61.22581507618447,Yes,3,No,Primary,8,0
18,Male,100,0.5579807387826399,21.308500868480817,Yes,4,Yes,Primary,6,0
17,Female,218,0.5525136147827252,93.90570959671871,No,2,No,Not_Educated,5,1
24,Female,134,0.0941519101256979,0.6682129223887778,Yes,1,No,University,8,0
17,Male,297,0.34366319260910305,77.23010151653429,No,3,No,Not_Educated,4,0
17,Female,584,0.2824308986865117,62.52047695304422,No,2,No,Masters,4,0
18,Male,856,0.39072836561361324,37.35548010476819,No,3,No,Secondary,5,0
21,Male,158,0.7983441882243283,5.048894441240792,Yes,3,No,PHD,1,0
18,Male,936,0.37193266791686486,62.74865717842793,No,1,Yes,Masters,1,1
23,Male,260,0.4516968192316827,38.56135128656481,Yes,1,Yes,Secondary,2,0
15,Male,790,0.3973813904853165,93.62671394132191,Yes,1,Yes,PHD,8,0
22,Female,305,0.0934079719752956,54.19900748897659,Yes,3,Yes,PHD,7,0
21,Male,111,0.4410721582507837,93.96515112935082,Yes,3,Yes,PHD,9,0
16,Male,589,0.19560927304451503,22.04836934733041,Yes,3,Yes,Primary,5,0
22,Female,375,0.18672329577304148,72.57259103641033,No,1,No,PHD,2,1
15,Male,792,0.09403610443426635,61.72490208487257,No,4,No,University,7,1
23,Female,341,0.35667097414176474,73.94082298313118,Yes,2,No,Not_Educated,8,0
23,Female,315,0.7574818847894174,21.466786397253678,No,4,No,University,7,0
16,Female,350,0.27644169058339607,66.49945162377738,Yes,3,No,Not_Educated,7,0
21,Male,910,0.31234910188551357,49.8040393056869,No,3,No,Masters,5,1
24,Male,225,0.6426746576724236,74.28249749063163,No,4,Yes,Masters,2,0
17,Male,316,0.19584081258691888,32.704464415181775,No,3,No,Not_Educated,6,1
21,Female,405,0.8969579304235343,89.00570254652526,No,2,Yes,University,4,0
24,Male,896,0.5201905232515545,8.430131461135037,No,3,Yes,Not_Educated,2,1
23,Female,284,0.44760294032021697,80.7189318791188,Yes,2,No,PHD,9,1
18,Male,138,0.5578201919292014,86.13196258150909,Yes,4,No,Primary,7,1
15,Female,322,0.16603431341619546,81.72523113668213,No,4,No,Masters,6,0
16,Male,283,0.6134731386391763,51.272639426177605,Yes,3,No,Primary,5,0
15,Male,594,0.36310073663401043,43.83849800307613,No,2,No,PHD,3,0
19,Male,526,0.8971863409646189,99.62622865248768,Yes,3,No,PHD,4,1
19,Female,277,0.16885420667768614,22.917195121416214,No,1,No,Masters,3,0
21,Female,527,0.507051103865441,54.68759658760446,No,1,Yes,Masters,8,1
23,Male,393,0.598112629369018,67.06755253823256,No,1,No,PHD,3,1
23,Male,951,0.03338360178638122,70.08676358614319,Yes,1,No,Secondary,7,0
17,Female,250,0.36369312475614024,20.40246657385787,Yes,3,Yes,Primary,7,1
17,Female,483,0.7326352347008328,65.39940923398012,No,1,No,Primary,7,0
17,Female,737,0.8203775074489733,81.83695664813374,No,2,No,Secondary,7,0
18,Male,912,0.31316199481728235,5.001857682111222,Yes,4,Yes,University,2,0
22,Female,407,0.7985932723827512,91.15212933253164,Yes,4,No,Primary,3,0
20,Male,435,0.9677558771033888,2.950405514520593,Yes,1,No,Not_Educated,9,1
22,Female,845,0.8568739360750941,35.59710324883943,Yes,1,No,PHD,3,0
15,Male,991,0.1176439881593252,1.5813196232962068,Yes,1,No,PHD,2,0
22,Female,474,0.7397303320855406,7.7145168539581865,No,3,No,Secondary,9,0
18,Female,107,0.3196668324405447,91.1168285180079,Yes,4,No,Primary,9,1
15,Female,440,0.9884159894120765,35.48608307461478,No,1,Yes,University,4,0
22,Female,228,0.4853589831598871,42.477153042505286,No,2,No,Primary,9,1
18,Female,875,0.12243389835894103,21.53443813825526,Yes,1,No,PHD,3,0
20,Male,768,0.7251855480273908,59.70957701867198,Yes,4,Yes,Masters,7,0
22,Female,451,0.32301119838621384,59.480321467778964,No,1,Yes,Not_Educated,7,0
18,Female,457,0.9970781570816617,37.22003918252192,Yes,4,No,Secondary,8,0
17,Female,616,0.9797824578545219,33.30348718053984,No,1,Yes,Masters,4,1
23,Male,594,0.6561340180205807,88.49643081805878,Yes,2,No,University,3,0
17,Female,185,0.12982644895171758,38.328423964220136,Yes,1,No,Masters,3,1
23,Male,274,0.6868609976750291,49.35009921544082,Yes,2,Yes,Masters,5,0
16,Female,901,0.0930304864600272,28.330476242493063,No,2,No,University,1,0
16,Female,292,0.029364159102392318,78.67695033571273,Yes,1,No,Masters,3,1
16,Male,410,0.8229584462214861,39.74481568990916,No,2,Yes,Secondary,6,1
20,Female,218,0.20975294768368136,51.36110465443245,Yes,3,Yes,PHD,3,0
17,Male,317,0.3790271262190974,25.335717005966142,No,1,Yes,Primary,5,0
23,Male,526,0.9734573899761731,98.76595923412518,Yes,1,Yes,Masters,9,0
18,Female,513,0.33684050186110326,29.149574092372287,No,2,No,Secondary,2,0
15,Male,213,0.29648978128331527,77.07425309055516,No,2,Yes,Primary,2,1
18,Female,244,0.9182079996227752,42.74956503567592,No,1,Yes,Primary,6,1
15,Female,637,0.11074844531895811,20.62174050841399,No,3,Yes,Masters,6,0
19,Male,747,0.7595824101146318,79.97187639648612,No,2,Yes,Secondary,8,1
18,Male,402,0.988065566652774,33.36067890290432,No,2,Yes,PHD,2,0
22,Male,843,0.9012960107746488,86.5193347397811,Yes,4,No,Masters,9,0
22,Male,980,0.6516679187064259,91.5257184917823,No,3,Yes,University,2,0
21,Female,687,0.314060794992732,85.9823835391276,No,3,No,Primary,1,0
17,Female,939,0.2543219811783167,3.500791480680565,No,1,Yes,Masters,2,0
15,Male,444,0.8192551048714611,78.73733450051056,Yes,3,Yes,Primary,7,0
15,Female,913,0.8798219139516953,41.133946649914385,Yes,1,Yes,Secondary,8,0
17,Female,900,0.5254349125456929,87.37229201822251,Yes,4,Yes,Not_Educated,5,0
20,Female,100,0.24433994078646615,63.795426268473875,No,3,Yes,Masters,6,1
21,Female,246,0.11294320841117356,83.36431341439584,Yes,2,Yes,PHD,1,0
20,Male,386,0.08717946783183117,49.94317698668353,Yes,4,Yes,Masters,6,0
20,Male,753,0.7190774473538556,53.502550459893286,No,1,Yes,Primary,8,1
20,Female,152,0.42011872784772497,14.438763213366723,No,4,No,Secondary,3,1
17,Male,403,0.9053598742778703,78.39873586893555,Yes,1,Yes,University,1,1
20,Male,168,0.7396713007267637,41.93896116669716,No,4,No,PHD,4,0
22,Male,460,0.1912604179145867,50.00801182715826,No,1,Yes,Secondary,1,0
16,Female,701,0.613777418815699,78.50977140957076,No,3,No,Masters,8,0
19,Female,319,0.43550545439815935,59.8845400079439,No,2,Yes,University,5,0
15,Female,803,0.5772497307686131,20.109872744266745,Yes,1,Yes,Secondary,1,1
15,Male,674,0.7380691233385172,59.023265915089276,No,4,Yes,Not_Educated,8,0
19,Female,684,0.8061958810037908,40.76328579796558,Yes,1,No,PHD,9,0
17,Female,260,0.8437373264067243,46.95255420438627,Yes,1,No,Primary,2,0
18,Male,780,0.2539748745720247,2.8311274402667785,Yes,1,No,Secondary,9,0
17,Female,188,0.031115599917357684,21.00293495162816,Yes,4,No,Secondary,8,1
15,Female,787,0.7392947351647732,28.103808138102828,No,2,Yes,Not_Educated,7,0
15,Male,880,0.1063437262557746,71.29600078588058,No,3,Yes,Masters,3,0
19,Male,684,0.31491958861296765,1.1492473298115313,No,2,Yes,PHD,2,0
20,Male,856,0.0038171341243471435,40.8777261229132,Yes,1,No,PHD,7,0
17,Female,688,0.6816694824016201,92.40268704257329,Yes,4,Yes,Primary,5,0
23,Female,258,0.16713201147122125,11.188061654912385,Yes,2,No,Secondary,6,0
19,Female,588,0.6552824096916582,51.642438821861106,No,1,No,University,4,0
22,Male,423,0.9917426171678388,78.65223823908471,Yes,3,No,Secondary,2,1
15,Male,709,0.07267087161001629,94.25313075201167,No,3,No,Primary,9,1
19,Female,480,0.07707801195146069,74.67766395337179,No,3,No,Secondary,3,1
17,Female,201,0.3403800926666749,72.05655486444061,No,1,Yes,Not_Educated,7,1
15,Male,593,0.866386514251342,82.64880901957625,No,4,No,Secondary,8,0
18,Male,743,0.21552986879133185,44.62012209775437,Yes,2,No,Secondary,2,0
19,Male,713,0.36037781993034756,80.58445326178331,No,3,Yes,University,6,0
21,Male,118,0.06850540662697957,0.7964404745451126,Yes,1,No,Not_Educated,8,1
15,Female,553,0.7631552912588894,92.45610553768049,No,1,No,Not_Educated,7,1
17,Male,581,0.4083063427594511,44.33065095171753,Yes,2,Yes,Secondary,3,1
16,Female,693,0.7592487330608428,55.338018786574764,Yes,3,Yes,PHD,1,0
23,Female,496,0.9036078443467951,25.48822489148823,No,1,Yes,University,6,1
24,Female,378,0.23276314710128876,74.25308328404215,No,2,No,Secondary,8,0
20,Male,950,0.8073960303399513,7.663580647524881,No,4,Yes,Secondary,6,0
24,Male,464,0.059093890078253275,87.26358025468353,Yes,4,Yes,Primary,5,0
17,Male,430,0.8988473881802473,82.81168290063428,No,4,Yes,Primary,8,0
22,Male,740,0.6507685475587474,21.60601162447664,No,3,No,PHD,2,0
22,Female,443,0.8742267241383516,80.93243982852624,Yes,2,Yes,University,1,0
16,Male,921,0.00018839955658189744,78.63577330614815,No,2,No,Masters,1,0
20,Male,554,0.1690810703559925,63.2216597753949,Yes,1,No,Primary,4,0
21,Female,700,0.3897593874264921,37.352017689968754,No,1,Yes,Masters,6,1
16,Male,824,0.3795029033747186,27.149875418186788,Yes,1,No,Not_Educated,9,0
24,Female,754,0.22673038292351066,23.178359028935002,Yes,2,No,Primary,1,0
16,Female,164,0.3816119398672001,31.860896276360716,No,1,Yes,Primary,1,1
24,Female,175,0.12884871200025483,90.35584434325304,Yes,2,No,University,5,1
15,Female,810,0.41276112926602604,7.764077598878128,No,2,Yes,PHD,5,0
22,Female,242,0.8023543291592642,82.88712762529586,No,4,No,Masters,5,0
15,Female,927,0.4790700631033512,34.88900750418236,Yes,1,No,Primary,6,0
23,Female,704,0.018000088945214987,52.15993960113582,No,4,Yes,Primary,8,0
20,Female,572,0.4214440415792474,79.44856336484906,Yes,3,Yes,University,3,0
21,Male,516,0.027175016090844162,88.43765470229712,Yes,3,No,University,9,1
24,Male,404,0.9662434107067982,34.4781420072647,Yes,3,No,PHD,1,0
21,Male,835,0.12745395942286897,46.18434812751103,Yes,2,Yes,Masters,4,1
24,Male,596,0.7076883263306187,41.45160648167923,Yes,2,No,Not_Educated,9,1
17,Female,390,0.9727763228920858,1.3251033503910548,Yes,2,No,PHD,8,1
16,Male,201,0.8260390516665719,29.59428888586566,Yes,1,No,Not_Educated,9,0
23,Female,366,0.6993153751262037,45.918923373256185,Yes,4,No,Secondary,1,1
22,Male,966,0.8394609095007669,41.10936088804398,No,2,Yes,Primary,9,0
24,Male,721,0.9817986932606276,72.19292275156795,No,4,Yes,Masters,3,0
21,Male,941,0.6213444972535296,38.480361722110324,Yes,4,Yes,PHD,9,0
23,Female,876,0.5591848068293265,48.937644897067024,No,4,Yes,Primary,1,0
18,Male,102,0.6282381104632814,42.96085921323633,No,1,Yes,Masters,1,1
18,Female,184,0.532675886761555,74.06261488943706,No,1,Yes,Masters,9,0
15,Female,893,0.6350891059097188,86.29723989869625,No,3,No,Masters,6,0
22,Male,427,0.44984220797255925,53.18890790075142,No,3,Yes,Primary,4,0
17,Male,915,0.2184431828833071,78.94321941951912,No,4,No,PHD,7,0
21,Male,549,0.12024722651167563,29.678668201985058,Yes,3,No,University,5,0
16,Female,553,0.0683409355322604,54.13696101572687,No,4,No,Primary,7,1
16,Male,728,0.2633157837532001,34.52299536699724,No,1,Yes,Masters,8,0
21,Female,320,0.046123564335733835,41.42009255718303,No,1,No,PHD,8,0
20,Female,253,0.5671707799193856,73.24138648126686,No,1,Yes,Secondary,1,0
17,Male,764,0.2838284470235203,88.16624823327128,Yes,2,No,Not_Educated,8,0
23,Male,111,0.8245348080870322,12.14953910877654,Yes,4,No,Masters,6,0
24,Female,232,0.07424087298838644,63.46392564873805,Yes,1,Yes,Secondary,4,0
20,Female,403,0.22635149434148594,58.21438075777985,Yes,4,No,University,8,1
24,Female,392,0.7302461470901459,11.841503917593188,No,3,No,Masters,3,0
24,Male,399,0.5988082963834914,21.189433044010908,Yes,3,No,Secondary,4,0
20,Female,839,0.06449127124916754,31.100249473268025,Yes,1,No,Masters,6,0
15,Male,882,0.8772394571622004,16.693107081750146,Yes,4,Yes,Primary,7,1
18,Female,142,0.8772617628261795,24.372948252434178,Yes,1,No,PHD,4,0
24,Female,442,0.33040800387577385,26.76007988617075,No,3,No,Secondary,4,0
20,Male,425,0.3404058433495647,33.56738330390596,Yes,1,Yes,PHD,7,1
20,Female,913,0.9890283583501739,74.9390452801159,No,4,No,Primary,6,0
19,Male,597,0.6261761715931382,57.19122038506007,Yes,3,No,Primary,8,0
15,Male,463,0.5313165205680591,98.62466719514015,No,2,No,PHD,1,0
22,Female,990,0.8381521835519244,41.4735826967471,No,3,No,Secondary,7,0
19,Male,526,0.28529033835731643,75.3865073836925,Yes,2,Yes,PHD,7,0
19,Male,120,0.4291825933963569,87.14684213765338,Yes,1,No,PHD,7,0
21,Female,506,0.26777667548833417,67.8978493038042,Yes,1,Yes,Not_Educated,7,0
18,Male,718,0.7891608465887314,41.1864740417496,Yes,4,No,Secondary,8,0
20,Male,435,0.573349345635218,75.35946307457529,No,2,No,Not_Educated,9,0
18,Male,914,0.6588250701400705,20.366713777268487,No,1,No,Masters,9,1
17,Female,216,0.25230724983940656,32.75521651801324,Yes,2,Yes,PHD,2,1
21,Male,223,0.2202253013773151,54.66852550992888,Yes,1,No,Masters,7,1
22,Female,498,0.4883746289829387,57.54093872861483,No,3,No,Secondary,7,0
18,Female,892,0.7375657490928268,2.2141475472629457,Yes,1,Yes,PHD,4,0
16,Male,903,0.5252397575201602,94.51141887560087,No,4,Yes,Masters,9,0
24,Male,814,0.032645677545668605,69.662727121739,Yes,3,Yes,University,8,0
17,Male,150,0.8685515063202888,49.57037502318911,No,4,Yes,Primary,1,1
15,Female,882,0.06468689351513157,93.31272344083084,No,3,No,PHD,2,0
22,Male,423,0.9558244837207522,43.90955652508285,No,2,No,Primary,2,0
17,Male,888,0.025141958277272725,98.04355702703718,No,4,No,Not_Educated,8,0
24,Male,240,0.6944504561307088,51.22847572434851,No,1,No,Masters,1,0
21,Male,569,0.08220706371178166,11.428576999797945,Yes,2,Yes,Not_Educated,4,0
24,Male,886,0.9106765794351396,76.48009724592772,No,1,No,PHD,5,0
19,Female,901,0.4644332362255428,67.88977250778404,Yes,3,No,Primary,9,0
24,Female,433,0.1375237748170154,77.29867213055867,No,3,No,Primary,7,1
19,Male,992,0.3408156997898466,95.1442028725681,No,1,No,Masters,8,0
21,Male,472,0.16482467534676204,77.64893026510181,Yes,1,Yes,PHD,9,1
23,Male,663,0.17058191155709002,61.133660221664684,Yes,2,No,University,7,1
19,Male,593,0.9481083201714422,85.7308902360841,Yes,1,No,University,5,0
15,Female,638,0.44524611228478816,67.32464393545315,Yes,4,No,Masters,5,1
24,Male,768,0.7888022639053596,40.81190568259231,No,4,Yes,PHD,6,0
24,Female,850,0.6396055611776819,88.56197642417733,Yes,1,Yes,Masters,5,1
15,Female,255,0.6764263623383923,22.190046078437287,No,4,No,PHD,9,0
16,Male,390,0.13169343847203852,71.46412749087241,Yes,1,No,Not_Educated,3,0
20,Female,747,0.23418444681548567,88.1563454940757,Yes,2,No,Masters,3,0
23,Female,243,0.7867503351544369,73.13165197032963,No,4,Yes,PHD,7,0
22,Female,205,0.970766206474783,69.72754190538569,No,4,No,University,7,1
19,Female,519,0.2626756425986517,75.26382940718361,Yes,1,No,PHD,6,0
15,Male,769,0.27156876475103986,46.50552483006444,No,4,No,PHD,3,0
21,Male,757,0.47289713281090484,87.4170682157026,No,3,Yes,Masters,7,0
19,Female,101,0.9838403128554378,20.34364751360912,No,2,No,Not_Educated,5,1
20,Male,688,0.26895894582647106,12.73864160003393,No,2,No,Not_Educated,7,0
21,Male,743,0.4069719096342639,28.550878011851154,No,4,Yes,Not_Educated,2,0
17,Male,189,0.8914800156235068,53.157739677499315,No,4,Yes,Not_Educated,6,0
24,Male,444,0.0029210326213620075,51.05617954093381,No,3,No,Secondary,8,1
17,Male,449,0.03976596498856955,82.05987576765867,No,3,Yes,Masters,1,0
19,Female,558,0.6040716770712192,40.45686564040174,Yes,4,No,Primary,4,0
20,Male,362,0.907380164712847,48.434442629150865,No,4,Yes,Masters,1,0
23,Male,450,0.23885666040192766,1.3367683259395635,Yes,3,Yes,Secondary,1,1
19,Male,207,0.469641774680709,40.973923644293905,No,1,No,Not_Educated,8,0
15,Male,685,0.4504653016578183,64.77742329503421,No,3,No,Secondary,7,0
18,Female,138,0.47297134609551017,1.5508330626592182,No,1,No,University,1,0
19,Female,258,0.6225196957297452,28.088196518624375,No,2,Yes,University,2,1
24,Female,682,0.46974376299068377,20.795635928938992,Yes,2,No,Masters,4,1
24,Female,411,0.4474681413224578,4.198542890958823,Yes,3,No,Masters,1,0
19,Male,340,0.4742884204312605,47.92600899145375,No,1,No,Primary,3,0
21,Female,544,0.5908674412710415,18.17232932281565,Yes,3,No,Primary,8,0
18,Male,397,0.5370074883513584,74.30815396313801,No,3,No,University,8,0
15,Male,135,0.8541359976505043,84.79278837633485,No,1,Yes,Not_Educated,8,0
19,Male,183,0.049496853493666615,54.55851826691478,Yes,3,No,Secondary,6,0
21,Male,551,0.8333170714730125,98.17073425211416,Yes,2,No,Primary,6,0
24,Male,985,0.843924612611724,45.04785714705953,No,4,Yes,PHD,5,1
24,Female,874,0.28490802153096084,51.33682102249155,No,4,No,Primary,9,0
20,Female,921,0.46285195501585064,98.92177539577501,Yes,3,No,Not_Educated,4,0
19,Female,484,0.4385384885374355,23.154843596504882,No,1,No,Not_Educated,7,0
18,Female,271,0.2185098343541303,94.25459396769052,Yes,1,No,Masters,1,0
16,Male,475,0.39679684708631646,4.283755511911325,No,2,No,Secondary,9,0
18,Female,784,0.044387772170854434,44.638689026319476,No,1,Yes,Not_Educated,7,0
24,Male,461,0.27782207278173443,7.000351213306577,Yes,1,Yes,Primary,9,0
24,Female,658,0.8166821754507181,72.9234742913643,Yes,2,Yes,Primary,7,1
17,Male,990,0.28456230176289754,60.84089358800178,Yes,3,No,University,2,1
24,Male,240,0.8182066687482475,70.66342634675964,No,4,Yes,Not_Educated,6,0
15,Female,986,0.5315994646044309,37.4480399968017,No,2,No,PHD,4,0
22,Male,217,0.87986267736116,36.94819340313803,No,3,No,Masters,3,0
19,Male,376,0.5747795542644152,4.53192789608946,No,2,No,Secondary,2,0
18,Female,825,0.029668223064739818,34.99449395296398,Yes,3,Yes,PHD,6,0
22,Male,319,0.6754202075470892,92.92884022620595,No,2,Yes,Masters,8,1
21,Female,125,0.04485356802356866,37.9226537180449,No,3,Yes,Primary,6,1
16,Female,620,0.450597018983134,83.13677062219699,No,2,No,PHD,9,1
15,Female,882,0.929426694473114,84.2325504749934,Yes,3,Yes,Masters,5,0
18,Male,109,0.16520393933785016,37.324115637923384,No,2,No,Primary,2,1
22,Male,477,0.3898723529415441,63.19886803961891,No,4,Yes,Primary,8,1
16,Male,732,0.7298603088484784,9.537160227305863,Yes,4,Yes,Primary,9,0
17,Female,736,0.8822585560948476,10.36785807342765,No,1,No,Primary,4,0
15,Male,781,0.6709430047425079,4.865766366171331,No,3,No,Primary,6,1
15,Female,683,0.2581732541911692,58.10150933751095,Yes,2,Yes,University,8,0
17,Female,251,0.6746078529162162,42.607097762609705,No,3,Yes,PHD,9,0
19,Male,819,0.29672764110409,54.80323566642401,No,4,Yes,Masters,5,0
17,Female,148,0.7184292298187352,52.10731905083878,No,3,No,University,6,0
15,Male,253,0.9540331275850406,35.02029910907303,Yes,2,No,University,4,0
15,Male,958,0.7213934511062883,67.7473414823473,No,3,Yes,Not_Educated,5,1
22,Male,392,0.8628805029124124,75.85018809163907,No,2,Yes,Not_Educated,7,0
24,Male,679,0.002103843175883413,1.4628258877675715,Yes,4,No,Not_Educated,9,0
16,Male,149,0.7175721247315944,20.72422997688783,Yes,4,Yes,Secondary,6,0
17,Female,763,0.8295875568652503,71.32358680833369,No,4,No,Not_Educated,6,0
16,Female,630,0.04055873754468142,38.66201726338342,No,1,No,Masters,8,0
17,Female,711,0.8715977272882306,66.24839469416082,No,4,No,University,4,0
21,Male,159,0.25669422831004585,34.696265973455844,No,3,No,Masters,3,0
15,Male,266,0.6652921019780552,39.07551523296371,Yes,1,No,PHD,7,0
24,Male,301,0.8003548790234066,15.867887368968493,No,4,No,Not_Educated,5,0
22,Female,956,0.6626645130593555,25.823101966616,Yes,3,Yes,Secondary,2,0
24,Male,245,0.09228479207325724,60.541175750758725,Yes,3,No,PHD,2,0
24,Female,775,0.5963215188603683,43.31631113151664,No,3,No,Secondary,6,0
24,Female,538,0.5495836567221436,77.43026829445951,No,2,Yes,PHD,8,1
16,Male,341,0.9003212680742715,85.25849549383427,Yes,1,No,University,1,0
17,Male,680,0.4042397296442092,54.164641821675986,Yes,3,Yes,Masters,6,0
23,Female,786,0.3210810970870501,75.82672920560591,No,2,No,Primary,2,0
21,Male,660,0.7498507644364663,30.690451319457,Yes,4,Yes,Masters,2,0
18,Female,582,0.41267532608339663,41.49712154000782,No,3,Yes,Not_Educated,7,1
24,Male,207,0.646096175005063,71.2777676216831,No,2,No,Primary,1,0
19,Male,325,0.646450090124607,38.62119928170307,Yes,3,No,Secondary,6,0
16,Female,772,0.8880390643601178,58.85049351589888,Yes,1,No,University,7,0
22,Male,730,0.5986924023190974,18.53727790825115,No,1,No,University,8,0
18,Female,760,0.5021536099619869,59.9771314970498,Yes,4,Yes,Secondary,7,1
23,Male,761,0.138871326396517,86.15137072268936,No,3,Yes,Not_Educated,6,0
19,Female,531,0.11573760667870536,86.86396398234257,No,2,Yes,Secondary,9,0
23,Female,904,0.1543215652830794,72.43444063295397,No,4,No,PHD,3,0
18,Male,754,0.17184848132709452,74.5753379076126,Yes,3,Yes,Not_Educated,6,0
24,Female,518,0.6378770926636339,55.79274451507007,No,4,No,Primary,4,1
19,Male,554,0.7409812502745785,58.466809016582474,No,2,No,Secondary,2,0
23,Male,259,0.5299915229264187,13.3650581410518,No,4,Yes,Not_Educated,1,0
22,Male,622,0.829017732545491,44.38591884213011,No,4,No,Primary,1,0
17,Female,749,0.9912632267336332,45.077628388636384,No,4,Yes,Secondary,3,0
15,Female,689,0.820012629119356,95.84978356677402,No,3,No,University,4,0
17,Male,176,0.6948823736759592,43.108686262328945,No,2,Yes,Secondary,2,0
18,Male,608,0.5324926994371466,54.934264490275766,No,1,No,Masters,1,0
16,Female,540,0.4488530716747082,53.32513992791025,No,3,Yes,Secondary,4,0
15,Male,353,0.08439238054454234,63.67617170443272,No,1,Yes,Masters,7,0
21,Male,869,0.39936874839469094,74.82328313318959,No,1,No,Primary,6,1
22,Female,419,0.9101346367821342,22.50418761708721,Yes,3,No,Secondary,6,0
21,Male,902,0.8080226299065529,52.87244190984357,No,3,Yes,Primary,9,0
19,Female,362,0.2160513650116872,82.59177073160305,No,2,No,Primary,2,0
15,Male,696,0.46660778469721587,46.31147138375115,No,2,No,Not_Educated,4,0
21,Female,757,0.8167232025585446,27.845754637357302,Yes,4,No,Primary,5,0
21,Male,934,0.06738455478552252,65.4709075356299,No,1,Yes,Primary,1,1
23,Male,653,0.3873925856686593,82.3767395799123,Yes,2,Yes,Secondary,8,0
17,Female,473,0.8518412368739476,6.314029292739132,No,4,No,Secondary,8,0
23,Male,736,0.40389786417012374,77.67904834072272,No,2,No,University,6,0
15,Female,266,0.07761464473144086,82.16479329617712,Yes,3,Yes,Not_Educated,5,0
15,Male,852,0.5425343685322515,46.15229275886068,No,2,No,Primary,8,0
18,Female,558,0.8617424949182954,98.33056568184674,Yes,1,Yes,Not_Educated,3,1
23,Female,379,0.5902855429531597,78.6708340707309,Yes,2,No,Masters,3,0
20,Female,799,0.2262791082142318,77.36625648956658,No,1,No,Primary,2,0
17,Female,401,0.38423962013738133,74.78385744120718,No,3,No,Not_Educated,5,0
15,Male,630,0.4501233611819322,15.0608103218274,No,1,Yes,University,3,0
18,Male,679,0.5792663538205268,21.723088645301083,No,2,Yes,University,3,0
23,Female,317,0.759351025752613,46.3990131464425,Yes,4,Yes,Primary,6,0
17,Female,201,0.0988736176406354,26.400434995946586,Yes,3,Yes,Masters,8,0
23,Female,653,0.8896520330175663,41.52409723340404,No,2,No,University,2,0
21,Male,387,0.01230970301607559,88.84641099229206,Yes,3,No,University,4,0
18,Male,266,0.37005233467425525,82.43268918792693,Yes,3,Yes,Masters,7,0
17,Male,720,0.027420309972657653,63.003987847998225,No,2,No,Not_Educated,1,0
24,Male,135,0.39297422534529125,85.81203942511036,Yes,2,No,University,1,0
19,Female,843,0.5258125988733238,78.37723890172492,Yes,4,Yes,Secondary,7,0
19,Female,840,0.5116813865815117,42.89849318408905,No,3,No,PHD,7,0
17,Female,452,0.16562834702826534,20.106515204994512,Yes,3,No,PHD,1,0
23,Male,775,0.6457405100956123,51.42010400093392,No,2,Yes,University,1,1
18,Male,998,0.04477845050466822,73.622888252855,Yes,1,No,Not_Educated,4,0
19,Male,172,0.7619068201324154,43.641959872959305,No,2,No,Not_Educated,5,0
18,Female,747,0.9466444339935463,66.67719097838972,Yes,3,No,Primary,5,0
19,Female,452,0.3397688271511179,9.432742629104363,Yes,2,Yes,Secondary,4,0
21,Male,990,0.5172393817143319,74.80047363714034,No,4,Yes,Not_Educated,8,0
23,Female,169,0.3789102780588144,81.2713619893062,No,1,No,Masters,7,0
21,Male,524,0.006710390304059954,70.68378557805411,No,2,No,Secondary,9,0
19,Male,807,0.38587450289511593,96.72635875263656,No,4,No,PHD,7,0
24,Female,880,0.7917202592613465,82.66520574606405,Yes,3,Yes,Secondary,1,0
24,Male,660,0.5959888421834818,90.30937278765383,Yes,2,Yes,Masters,7,1
21,Female,927,0.10125991461515893,93.3571083457648,Yes,3,Yes,University,1,0
24,Male,741,0.847139489693785,80.13479918738085,No,4,No,Masters,7,0
19,Female,616,0.5310853448852428,67.4258842006499,Yes,3,No,Masters,8,0
17,Female,527,0.8417233617446761,0.5718581360789288,Yes,4,No,University,9,0
21,Female,638,0.5802215187850294,46.58257532231247,No,4,No,University,3,0
16,Male,259,0.5596884448379399,57.1162298622361,No,4,No,University,4,0
23,Male,248,0.10525918519701238,30.40302724479996,Yes,2,Yes,University,4,0
24,Female,875,0.16735973313862795,31.810444690347207,No,3,No,University,9,0
24,Female,329,0.9720252564965911,96.11594157101652,Yes,3,No,Masters,7,1
15,Male,811,0.22848674675477076,89.17108652027459,Yes,1,No,Primary,3,1
20,Male,661,0.9774521179903679,84.91790055017042,No,1,Yes,Primary,5,0
21,Male,166,0.5319127065242634,40.60118017061106,Yes,1,No,Not_Educated,7,0
22,Female,911,0.13578904706393713,1.3698550408914545,No,1,Yes,Primary,8,0
24,Male,480,0.09930220275369295,8.022224645571407,No,3,Yes,PHD,1,0
23,Male,157,0.20886407070573998,31.219636821760368,Yes,4,Yes,Primary,2,0
16,Female,358,0.9256373300253358,1.5742912995676983,Yes,4,Yes,Masters,7,0
24,Male,441,0.4141502243282268,1.7149781915198115,Yes,2,Yes,University,2,1
16,Male,937,0.39543426799291437,91.6603301642411,No,4,No,University,7,0
19,Male,229,0.313206261070174,70.61585021190541,Yes,3,No,Masters,9,0
19,Female,826,0.14706185056658838,30.895599006815267,No,3,Yes,PHD,2,0
20,Female,271,0.48785119719240644,13.264457760095317,No,3,Yes,Primary,7,1
17,Female,869,0.1300477825111387,51.163571789507714,Yes,2,Yes,Masters,4,0
22,Female,713,0.8354802363823276,0.5346160854364457,No,1,No,Not_Educated,2,0
15,Female,308,0.3703969862753065,93.8413743858144,Yes,4,No,University,7,0
20,Female,902,0.37480356778179635,41.48151193889472,Yes,3,Yes,Secondary,5,1
18,Female,453,0.4740064284831559,40.233495523733275,Yes,3,No,Not_Educated,1,0
15,Male,570,0.4441277131657516,39.059360758178215,Yes,1,No,PHD,5,1
21,Male,897,0.9948579730593216,6.932833038776476,Yes,3,Yes,Not_Educated,3,0
23,Female,215,0.5453811212183025,63.83222397918266,Yes,4,Yes,Masters,7,0
18,Male,363,0.08820170378987069,73.30036196283534,Yes,2,No,Primary,6,0
18,Male,761,0.60687734157693,67.61253975882903,No,3,No,University,8,0
20,Female,911,0.15158429286987996,13.843549332939432,Yes,4,No,PHD,5,0
17,Male,541,0.030937644731341973,57.884016803559255,No,3,Yes,PHD,2,1
20,Male,647,0.9707421536772481,56.948448417225386,No,1,Yes,Secondary,9,0
21,Male,552,0.7735388915345639,86.8410787941382,No,3,Yes,Not_Educated,8,0
24,Male,944,0.9801089924137669,37.9127658375647,Yes,3,No,Secondary,6,0
24,Male,576,0.47787844802224244,37.148594365943424,No,2,No,Primary,7,0
17,Female,386,0.5322575311489761,61.85270587181856,No,1,Yes,Primary,9,0
21,Female,402,0.16833695591913023,63.3072653499513,Yes,1,No,Secondary,7,0
17,Female,410,0.24690742666758558,46.92852273257904,Yes,2,Yes,University,3,0
16,Male,307,0.8385492149028282,44.30593623304211,No,3,No,Primary,6,0
24,Female,717,0.35618564711759415,49.41476706378827,Yes,4,Yes,Secondary,7,1
18,Male,545,0.826814973796419,86.10452995033118,Yes,1,No,Not_Educated,2,0
22,Male,769,0.7090137242870318,46.116690125391,Yes,1,No,Secondary,3,1
23,Male,732,0.1771709252718655,93.99317919698224,Yes,3,Yes,Secondary,4,0
21,Male,154,0.5074463661197421,50.4003763596326,No,3,Yes,Masters,6,0
15,Female,111,0.6773873215187168,94.92006931808913,Yes,1,Yes,Primary,1,0
17,Female,756,0.2350372148038251,83.28319018690758,Yes,3,Yes,University,9,0
23,Male,499,0.8306885105200769,36.243132261582915,Yes,4,Yes,University,5,1
15,Female,747,0.5448276575451868,86.3641421296616,No,1,No,Masters,7,0
23,Male,614,0.1652420504426032,11.006328420111522,No,4,Yes,PHD,9,0
22,Female,755,0.5829844261646024,92.50471753430145,Yes,4,Yes,University,9,1
15,Female,641,0.999713804155914,63.164351508289165,Yes,3,Yes,Secondary,1,0
20,Male,336,0.15052149166341355,5.439074852231118,No,4,Yes,Masters,1,0
19,Female,378,0.8167569301195281,64.42567236508116,Yes,3,Yes,Not_Educated,3,0
20,Male,447,0.20730900318755796,97.42476541447562,Yes,2,No,Primary,6,1
24,Female,726,0.7823883294600873,6.9800654614628925,No,3,Yes,Primary,2,0
19,Male,203,0.7345779231214132,55.46877097800863,Yes,4,Yes,Primary,1,0
20,Male,729,0.30048938560043237,74.77943497593725,Yes,2,Yes,Secondary,1,0
19,Female,616,0.3258231175644498,81.02585866995314,No,3,No,Not_Educated,5,1
19,Female,971,0.7925213919629192,41.38274653207959,No,4,No,Masters,4,0
18,Male,347,0.46144551188731264,20.4166559168243,Yes,1,Yes,Masters,1,0
17,Female,463,0.7308180287118088,4.234227877238384,No,1,Yes,Primary,4,0
17,Female,420,0.14798414736583476,57.972615709722476,Yes,3,No,Not_Educated,3,1
18,Male,732,0.8525577819015535,45.29110702676108,Yes,3,No,Not_Educated,2,1
23,Male,385,0.7108847166823191,94.8744395149711,Yes,1,No,Not_Educated,9,1
16,Female,248,0.9069428088348339,6.060490771490978,No,4,Yes,University,1,0
23,Male,183,0.13237237903497245,68.53953434460057,No,4,Yes,University,7,0
15,Male,505,0.5930145003605977,2.496622212005717,Yes,4,No,Primary,4,0
15,Male,555,0.5991205850403252,17.143417671054273,Yes,3,Yes,Not_Educated,5,1
19,Female,842,0.35346074054678245,45.357899992283414,No,2,No,PHD,5,0
20,Female,899,0.4584664245692578,45.48724428028682,No,2,No,Not_Educated,1,0
20,Male,260,0.03798156328985347,68.5700542933644,No,2,No,Masters,6,1
17,Female,883,0.745860038627012,91.02130348677566,Yes,2,Yes,Masters,9,0
21,Male,559,0.549322479403174,63.90321589149208,No,2,No,Primary,2,0
23,Female,649,0.057741051869173776,95.35350978515088,No,3,No,PHD,7,0
24,Male,599,0.6807558929604856,88.16156398779977,Yes,3,Yes,Not_Educated,6,0
22,Male,837,0.4667820772311879,58.449979553079025,Yes,2,No,PHD,5,1
20,Female,608,0.034461259425,83.37919509188274,Yes,3,Yes,Primary,4,0
22,Male,753,0.9696077268480954,64.2577610323634,No,3,No,Masters,4,0
19,Female,903,0.9491121430894405,7.8557830923727145,Yes,2,Yes,Masters,6,0
22,Female,580,0.5129024161471976,74.05647232595099,Yes,4,No,University,4,0
24,Male,762,0.0936724207059102,9.490844126734622,Yes,3,No,Primary,5,0
18,Male,213,0.7546212215985918,59.40827805697124,Yes,4,No,Primary,6,0
24,Female,848,0.49193110010572905,70.26402058582289,No,3,No,Not_Educated,5,0
22,Male,677,0.3024474782893799,6.652760821085524,Yes,3,No,Not_Educated,7,0
24,Male,460,0.49141817752855677,23.079465392653177,No,2,Yes,University,9,0
16,Male,440,0.5224441454054645,91.56722322616498,No,3,Yes,Secondary,7,0
19,Male,869,0.5627116990223392,61.631449223289636,No,1,No,PHD,7,1
23,Male,860,0.44122371365532653,24.628601881053157,Yes,1,No,Secondary,4,1
18,Female,548,0.6057553031390567,69.06797711480066,No,2,No,Secondary,1,1
20,Female,942,0.9187347106063773,59.67764199616896,Yes,4,Yes,Primary,8,0
15,Male,934,0.36226808709859115,50.15756999179484,Yes,4,Yes,PHD,4,0
23,Male,279,0.7257164632199491,97.61869749880837,Yes,4,No,Primary,1,0
15,Male,801,0.8944525568242322,68.34537774075089,No,1,Yes,PHD,5,0
19,Female,506,0.4559792757599369,37.544110966791266,Yes,4,No,Masters,8,0
18,Male,765,0.4434558363819041,80.0073432076868,Yes,4,No,Primary,4,0
17,Female,295,0.6021169853547795,88.45832929211878,Yes,2,No,Primary,8,1
20,Female,565,0.5914067594224881,12.522055951683143,No,4,Yes,Primary,8,0
16,Female,410,0.806589342326277,20.055297784526648,No,1,No,University,3,0
17,Male,361,0.4764833837782927,21.62270091277797,No,1,No,Primary,9,1
19,Female,518,0.9961229496394411,69.12118093865404,Yes,1,No,Not_Educated,3,0
23,Male,505,0.05947156886728078,60.30395550532833,No,2,Yes,Not_Educated,1,1
16,Female,242,0.0031678485807017376,61.899156469858816,Yes,2,Yes,PHD,2,1
24,Male,441,0.6401983115596238,94.0773299689501,Yes,3,Yes,Masters,6,1
22,Female,415,0.2984349123618767,77.5911532807306,No,4,No,University,2,0
16,Male,200,0.2403823886994838,12.793692451178318,Yes,2,Yes,PHD,6,0
19,Female,343,0.31189908000428046,34.7507082425181,No,1,No,Not_Educated,1,0
21,Male,589,0.2560475651049543,43.53936461757356,Yes,1,Yes,University,1,0
22,Male,111,0.03079004966044785,39.59615887476049,No,2,No,University,5,0
15,Male,338,0.9715330423905887,66.93086091618792,Yes,2,Yes,Masters,9,0
20,Male,660,0.22074548845278175,89.18931032565625,Yes,2,No,University,8,0
15,Female,141,0.7340297625893063,30.6051463522788,Yes,3,Yes,Primary,3,0
16,Female,777,0.7625963946941753,55.18771364211857,Yes,1,Yes,University,3,1
15,Male,693,0.9292573980072293,78.94094219135856,Yes,3,Yes,Masters,1,1
19,Female,528,0.030549457093379973,41.621805884534936,No,3,No,PHD,3,0
24,Male,902,0.8720483384470077,16.811812839929587,Yes,4,Yes,Masters,1,0
23,Male,257,0.5272261808398002,47.49509652637482,No,1,Yes,Masters,8,1
20,Female,315,0.6325441099658279,5.5222520743028465,No,1,Yes,Not_Educated,1,0
15,Male,769,0.6444702771210337,94.23834540022769,No,2,Yes,Primary,5,1
15,Male,561,0.8197978049847275,7.482120519497304,Yes,2,No,Not_Educated,9,1
16,Female,233,0.3334073221591105,43.84567152505782,Yes,4,Yes,PHD,7,0
23,Male,166,0.7330511898599934,52.98812610885262,Yes,3,No,Secondary,4,1
17,Male,947,0.5285781097221971,98.53038322872855,No,2,No,PHD,9,0
15,Male,106,0.7933940143053477,16.60218236428608,Yes,2,No,Primary,9,0
19,Male,625,0.9905460327701334,11.443151861235856,Yes,1,No,University,2,0
21,Female,172,0.20065101740376123,0.8706147062543579,No,1,Yes,Masters,6,0
20,Female,498,0.9946486415599979,15.55714368693023,No,2,No,Secondary,4,1
15,Female,504,0.089812154282774,20.72729790676676,No,1,No,Primary,8,0
19,Male,774,0.002317547904813866,63.05809415830923,No,4,No,Not_Educated,7,0
19,Male,677,0.04416193617783126,21.97067903914004,No,2,No,Masters,7,0
20,Female,958,0.3417824047367617,2.052081472932521,No,1,Yes,PHD,9,1
17,Male,229,0.6329063306784342,82.66183455024887,Yes,4,Yes,Not_Educated,5,1
19,Male,565,0.06902954088784963,36.55957010039668,No,1,No,Primary,6,1
21,Male,305,0.00566581452956727,35.369668658073394,Yes,1,No,Primary,1,0
19,Male,887,0.9370910284587948,30.247902916792658,Yes,1,No,PHD,6,0
19,Female,867,0.8219266359399297,97.53732771464209,Yes,2,Yes,Secondary,2,0
19,Female,365,0.809183171139031,17.011541730928148,No,3,Yes,PHD,6,0
24,Female,636,0.8844242755019771,89.82380639532352,Yes,1,Yes,University,9,0
24,Male,892,0.7000342727721044,77.68033321398879,No,4,Yes,Not_Educated,8,0
17,Female,352,0.10440412974808144,7.6479955499313075,No,2,Yes,Secondary,9,0
15,Female,921,0.39910018807372305,98.67291015008487,Yes,2,No,Masters,8,1
19,Male,388,0.7231494864646295,27.136596353901055,No,4,Yes,University,3,0
23,Male,263,0.2803344607915209,9.858292702241233,Yes,1,Yes,Secondary,8,0
15,Female,194,0.6874063641362376,82.93142341257594,Yes,3,No,Not_Educated,6,0
17,Female,881,0.02449844826765235,70.66755336776998,No,1,Yes,Primary,6,1
18,Female,932,0.3061373408795932,61.72188058779008,Yes,4,Yes,Masters,6,1
15,Female,209,0.5491303362771727,15.598086369893316,Yes,2,Yes,PHD,3,1
15,Male,435,0.6320898295062423,47.84961162559619,Yes,3,No,Not_Educated,1,0
22,Female,921,0.5770406644619108,78.05560268872138,No,2,Yes,University,4,1
16,Female,337,0.6977562760734295,30.362393814384024,Yes,4,No,University,6,0
22,Male,480,0.00608874823983907,31.168982851504147,No,1,No,Primary,2,0
21,Female,535,0.10094119997752149,0.3140906048122116,No,3,Yes,Primary,7,1
24,Male,998,0.8689442522791451,17.424340164537956,Yes,2,Yes,Masters,7,0
24,Male,582,0.6817486440901612,87.54056251218343,Yes,2,Yes,PHD,4,0
16,Male,124,0.1129316426860113,44.17464916377071,No,2,Yes,Masters,4,0
20,Female,752,0.8420744373985792,98.4234499234434,No,1,No,Primary,1,0
20,Female,216,0.2422312178245669,39.57079635737926,Yes,3,Yes,Primary,2,1
17,Male,581,0.4782598841952235,71.51864547802413,Yes,1,No,University,9,0
16,Female,491,0.1451965128846603,28.191904290472912,No,1,No,Primary,8,0
15,Female,636,0.7101100564217067,36.38096411409335,No,1,No,Secondary,8,0
20,Male,178,0.6668544210142678,19.072598759089466,No,4,No,Not_Educated,9,0
19,Male,679,0.21111247116613618,34.7062368499395,No,4,No,Primary,7,0
23,Female,272,0.8634007668570018,54.72375204206431,No,4,Yes,Masters,9,0
15,Male,111,0.4013060242197122,99.17728809792494,Yes,3,No,PHD,2,0
21,Female,899,0.2925150910707418,66.42017130717856,No,1,No,PHD,6,0
19,Female,227,0.15232958946453545,19.924595440831403,No,1,Yes,PHD,3,1
19,Female,707,0.26616801251553746,4.496144159155113,Yes,4,Yes,Secondary,6,0
16,Female,191,0.022026921223816998,12.63564813145106,Yes,1,No,Masters,3,0
17,Male,752,0.5832574924561156,56.255520127304735,No,1,No,Secondary,8,0
21,Male,642,0.8422307463439479,76.51603288167664,No,2,Yes,Primary,4,0
20,Male,945,0.5489804494416418,94.0419207300747,Yes,1,No,Not_Educated,6,1
16,Male,631,0.21927396192387572,1.5823171996820817,No,2,Yes,PHD,9,1
20,Female,757,0.03366917821387272,52.27601415618698,No,1,Yes,Masters,2,0
16,Female,927,0.21462807325880284,47.086735622317676,Yes,3,No,PHD,2,1
16,Male,546,0.4161214280710923,65.6055021975704,No,4,Yes,Secondary,7,0
16,Female,489,0.7596114286997965,55.95788544653419,Yes,2,No,University,2,0
17,Female,771,0.1878428525377741,68.70391505824806,Yes,4,No,Primary,2,0
16,Female,960,0.7197914533546861,65.80825847491903,Yes,2,No,Not_Educated,4,0
18,Male,142,0.8669334683518837,11.70117248579462,Yes,2,Yes,Primary,9,0
23,Male,353,0.45394684810835706,79.97179136187196,No,2,No,University,8,1
20,Male,229,0.8214319916425933,12.323257571632485,Yes,3,Yes,Not_Educated,2,0
15,Female,159,0.5546573480350956,69.85306252091371,No,1,No,University,8,1
22,Male,762,0.637090837080905,41.614536764060674,No,2,No,Primary,4,1
21,Male,566,0.5262784603382027,51.38507345765979,No,3,Yes,Secondary,2,0
24,Male,386,0.46317271675134175,90.32980143757105,No,2,No,Primary,7,0
17,Male,616,0.23465344177584935,88.98837264734865,No,1,No,Primary,6,0
15,Male,566,0.30319405946104605,81.78563056550296,Yes,2,Yes,Primary,5,1
19,Male,877,0.289970118943609,51.014838045632324,Yes,3,Yes,Masters,1,0
18,Female,444,0.5632889309538147,73.62398101338331,Yes,1,Yes,University,2,0
24,Female,741,0.11995369302388992,51.289705551880935,Yes,3,No,University,8,0
22,Male,481,0.9167916907023351,86.96060824747775,No,1,Yes,PHD,1,0
15,Male,878,0.7206551452831133,40.27758332328999,Yes,1,Yes,University,3,0
24,Female,789,0.40144563091319363,97.02353444148768,No,4,No,PHD,2,0
15,Female,352,0.15862414452637796,93.23227582288776,No,4,Yes,Masters,5,0
18,Male,155,0.8819921697216359,74.16026194517855,Yes,4,No,Secondary,4,0
22,Male,562,0.8237780901011652,27.9415884176072,Yes,1,No,PHD,7,0
19,Male,556,0.7217215527171793,13.16535887932584,Yes,2,Yes,Primary,5,0
16,Male,182,0.27154704741124236,85.47034500931974,Yes,3,No,Secondary,8,0
20,Female,198,0.40244663743366893,16.530228613796126,No,3,Yes,Masters,4,0
19,Male,248,0.10274825245242336,85.42607889973357,No,3,Yes,University,6,0
16,Male,428,0.18903952472753172,49.07650067123605,Yes,4,Yes,PHD,4,0
17,Male,255,0.7830166373167329,40.65567838081042,No,1,Yes,Primary,2,0
23,Male,289,0.7150387188506838,90.31907788344292,No,4,No,Not_Educated,1,0
21,Female,593,0.5934857629759347,60.38509825402779,No,2,No,Not_Educated,1,0
21,Female,982,0.8957267259261729,57.661400712971776,Yes,1,Yes,Secondary,8,0
20,Female,362,0.5832665178130454,55.87659446243977,No,3,Yes,University,4,0
22,Male,179,0.4669679999636107,37.11695160195314,Yes,4,No,Not_Educated,5,1
18,Male,499,0.3403707463057627,78.56431035291273,Yes,4,Yes,Secondary,8,1
22,Female,863,0.9404485057361726,25.2798444015773,No,2,No,Masters,7,1
18,Male,708,0.0827154615243535,93.88949600412751,No,2,Yes,Secondary,8,1
22,Male,359,0.9308873720608084,89.39852050469608,Yes,4,No,Secondary,8,0
23,Female,871,0.8267146599310183,33.748032567489815,No,2,No,Secondary,6,0
17,Female,714,0.1299299245357013,72.94637698316637,No,3,No,Primary,2,0
17,Female,651,0.5649843576752536,57.32231944495915,Yes,2,Yes,Secondary,6,0
16,Female,884,0.8665479817490869,33.76493019992346,Yes,2,Yes,PHD,1,0
24,Male,200,0.5718091636071537,98.85216479954467,Yes,4,Yes,Secondary,1,1
17,Male,458,0.9071998215606223,2.5237345848264203,Yes,4,Yes,Primary,3,0
17,Female,479,0.9429838168160425,25.264603062128664,No,1,Yes,Primary,3,0
19,Male,919,0.4223845221843059,52.00740611111504,No,1,No,Masters,5,0
19,Female,320,0.3773136614063236,52.19530034785639,Yes,4,No,University,1,0
16,Female,919,0.9363211539691568,58.89330749455641,Yes,2,No,Not_Educated,6,0
24,Male,519,0.6751400611496681,75.16761720229192,Yes,2,No,Not_Educated,7,1
20,Female,223,0.11602268134816929,62.34778305192964,No,1,No,Secondary,3,0
19,Male,521,0.042291749222681196,60.0281460528037,Yes,1,No,Masters,4,1
20,Male,330,0.5646290509972631,5.351446291304329,No,1,No,Secondary,3,0
15,Male,789,0.9301709654384246,37.65302877892983,Yes,3,Yes,Not_Educated,1,1
19,Male,162,0.8442487024058184,23.2055739701156,Yes,3,No,Primary,8,0
23,Female,584,0.6758477464643364,26.537011160197544,Yes,1,Yes,University,2,0
24,Male,727,0.13911584889108752,55.43374743403449,No,2,No,Masters,1,0
16,Female,802,0.2542313837486956,19.95053149296084,No,1,No,Primary,8,1
15,Female,673,0.8755112265526162,29.394910101689753,No,3,Yes,University,7,1
24,Female,867,0.18280723665690046,23.70847085173401,Yes,2,No,Masters,7,0
23,Female,582,0.27843940825043456,94.85029432181948,No,3,Yes,Masters,4,0
24,Male,618,0.12960065119544195,94.46657321710951,No,2,No,Not_Educated,9,1
23,Male,254,0.6761082314144111,60.99415585960517,Yes,3,Yes,Primary,6,0
23,Female,191,0.9439823053632096,92.45224687318999,Yes,2,No,Masters,2,0
20,Female,625,0.26896803159538596,78.58126454683732,No,2,Yes,PHD,1,0
22,Male,554,0.4754066078500737,58.99478828018088,No,2,Yes,Masters,1,0
15,Female,840,0.6343397397112043,0.6435211496795712,No,2,No,University,9,1
24,Male,697,0.9994662482156307,77.2516286079404,No,4,No,Not_Educated,4,1
18,Female,744,0.10480806499757211,70.24883415884689,Yes,3,Yes,Secondary,5,0
15,Male,609,0.49857079950570915,61.5253653282414,Yes,3,No,Not_Educated,3,0
22,Female,282,0.38512011990250006,76.04243116824718,Yes,4,Yes,Secondary,4,1
15,Female,485,0.8658201652223552,51.29221647747657,No,2,No,Primary,8,0
17,Male,673,0.4759677310116559,70.4083271321339,No,2,Yes,Primary,4,1
18,Female,830,0.11097752458514809,93.51720867264933,Yes,3,No,Masters,9,0
22,Female,504,0.6344241452865836,37.580501584608626,Yes,4,Yes,PHD,9,0
20,Male,345,0.7707806182638798,70.81218349006254,No,2,No,Primary,6,1
24,Female,841,0.0028812516656145926,47.568781801095874,No,2,Yes,Masters,2,0
21,Male,690,0.8589566854206295,67.43996518139815,Yes,2,Yes,Not_Educated,7,0
22,Male,760,0.18602300000566563,76.28933355543641,Yes,1,No,Primary,9,0
16,Female,749,0.5520693646533779,4.545250043579596,Yes,4,No,Not_Educated,6,0
24,Female,570,0.41579750068745014,64.66004439486619,No,2,Yes,Not_Educated,3,0
22,Female,925,0.7196538166105304,22.674118440694457,No,1,Yes,PHD,7,1
17,Female,987,0.37116161478574183,67.00325378075668,No,4,Yes,Primary,5,1
21,Female,522,0.8697631766817108,46.83301859338135,No,2,Yes,Not_Educated,1,0
17,Female,164,0.7304963609587902,77.35527418648871,No,3,No,PHD,3,0
21,Female,112,0.6477131710629215,12.340081520559643,No,1,Yes,PHD,5,0
16,Male,312,0.7962405955628543,62.63223516561951,Yes,1,Yes,Primary,7,0
24,Female,341,0.7540230349283823,27.847072892755232,Yes,2,Yes,PHD,3,0
20,Male,592,0.03593867492155334,85.29819953305915,No,2,No,Primary,6,1
17,Female,312,0.39473435384482813,92.83835056363074,Yes,1,Yes,Primary,5,0
17,Female,792,0.9308072973164898,99.63982936790555,No,3,No,Secondary,1,1
23,Male,437,0.12572426899222622,79.60074024272834,Yes,3,No,Not_Educated,6,0
21,Female,272,0.7370965504320512,75.37340704280045,No,4,No,University,8,0
19,Female,771,0.9745918113353297,21.550075886755103,Yes,2,No,Primary,1,0
24,Male,263,0.052198629044971634,33.600705899010876,Yes,3,No,Not_Educated,2,0
21,Female,564,0.6821938806266105,46.56825417622795,No,4,No,PHD,4,0
23,Female,596,0.4681541413010304,77.33810477822497,No,3,No,Masters,2,1
15,Female,799,0.5791752553747221,91.49658650779686,Yes,2,Yes,Primary,9,0
21,Male,494,0.08534133648432485,18.91391000229846,Yes,4,Yes,PHD,8,1
20,Female,802,0.04300695186693948,92.23674846701029,No,4,No,PHD,8,0
24,Female,407,0.6668666605509217,69.5624652354058,Yes,4,Yes,PHD,4,1
23,Female,867,0.8233094298207179,61.077073068503864,No,3,Yes,PHD,5,0
15,Female,282,0.7820153349329673,19.98412712819395,No,2,No,PHD,4,1
18,Male,728,0.5438057278662374,5.552503280915055,Yes,4,Yes,Primary,9,0
23,Male,893,0.09986682113617817,56.84648985079399,No,1,No,University,2,1
18,Female,609,0.6880444438360138,65.15156833288924,Yes,2,Yes,Secondary,8,1
24,Female,807,0.24188888355414595,21.078144935468824,Yes,1,No,PHD,2,0
17,Male,645,0.9110687027673836,55.64562058254564,No,1,No,PHD,1,0
23,Male,663,0.8382653595457049,85.64934027625736,Yes,4,Yes,Secondary,3,0
16,Female,723,0.7093829670873909,83.506594545502,No,4,Yes,Primary,9,1
18,Male,863,0.9488459558311304,92.73551805862972,No,3,No,Not_Educated,3,0
20,Female,693,0.03142182151127293,36.588580955688045,No,3,No,Masters,9,0
16,Male,843,0.736200425060762,31.80495725509187,Yes,3,No,Masters,7,0
22,Male,326,0.33024277933640533,74.94260059808087,No,2,Yes,Not_Educated,1,0
22,Male,844,0.9060658856863653,43.1112405097005,Yes,3,Yes,Primary,5,1
15,Male,832,0.2666751966619776,8.754866402778061,No,1,Yes,Masters,9,0
17,Female,535,0.724856499315017,28.28011306704997,No,3,Yes,Secondary,3,0
24,Male,521,0.8776470196507814,41.85822855314891,No,4,No,Not_Educated,9,1
23,Male,653,0.041656818382682426,29.251642547625202,Yes,3,No,University,5,0
19,Female,120,0.3976475795920361,33.220557094732165,Yes,2,No,Primary,9,0
20,Male,653,0.7623090320219387,29.377590617439076,No,2,No,Not_Educated,6,0
18,Male,496,0.4549188895075871,4.149916718307944,No,1,Yes,Masters,9,0
24,Female,724,0.2672526297935953,63.709470082444255,Yes,2,No,Primary,7,0
16,Male,204,0.21980534882319003,59.72924203534693,Yes,3,No,Secondary,7,1
22,Female,291,0.1315182669163779,65.33834984786806,Yes,4,Yes,Primary,8,0
20,Female,116,0.8571295598562823,19.230989603362747,No,2,Yes,Primary,7,0
19,Female,219,0.575355403251556,29.565454161248528,Yes,1,No,Secondary,9,0
23,Female,492,0.07638494499145598,61.96159269449223,No,3,Yes,PHD,9,0
15,Male,524,0.3825803235706354,59.96275684599214,Yes,1,No,Secondary,6,1
19,Female,228,0.3677336508051099,50.63303093542678,No,2,Yes,Primary,7,0
20,Male,229,0.18173919070946298,35.04132500101974,No,2,Yes,Secondary,2,0
19,Male,671,0.4355076254721907,91.293100477469,No,1,No,PHD,9,0
20,Male,659,0.33209936539313645,33.97702422988438,Yes,3,Yes,Not_Educated,1,0
20,Male,128,0.34180370549218253,45.56191564372516,Yes,2,No,Secondary,1,0
21,Male,196,0.7390265577879587,67.81138309542088,Yes,4,Yes,Secondary,3,0
18,Male,109,0.2232633855051963,54.302143086676416,No,2,Yes,Primary,6,0
22,Male,341,0.6418599588553554,34.68859763643856,No,3,Yes,Not_Educated,5,1
21,Male,925,0.5706496238809349,43.564479045650984,Yes,2,Yes,University,2,0
23,Male,331,0.5680925123378673,79.44808178535061,No,1,Yes,University,9,1
21,Male,888,0.6630073461417759,27.812915548661245,No,2,No,Masters,4,1
17,Female,383,0.548382036195654,14.225523977681542,No,2,Yes,Secondary,4,0
17,Female,814,0.8792551148463846,31.31632018297771,Yes,3,No,Secondary,5,0
22,Female,858,0.6755800919502598,84.95342154879013,No,1,Yes,Not_Educated,8,0
19,Male,901,0.5469632513713881,8.898971485634666,Yes,3,No,PHD,4,0
18,Female,875,0.8297631202876449,99.16960733724518,Yes,2,Yes,University,5,1
22,Female,825,0.6061465649334797,54.10028989276625,Yes,4,No,Masters,4,0
20,Female,299,0.291144247785179,98.4845743967094,Yes,2,No,Not_Educated,6,0
16,Male,178,0.20709491817657122,93.89964220859775,Yes,3,Yes,Secondary,3,0
18,Male,954,0.1523277856626788,45.28137142109168,No,4,Yes,University,8,0
18,Male,955,0.8994552125461016,19.84910746053491,Yes,3,Yes,Masters,6,0
20,Male,272,0.7101354317980658,16.488477656513844,Yes,3,No,Primary,5,1
20,Female,566,0.9373784381643208,23.99893638699575,Yes,1,No,University,2,0
15,Female,680,0.603291805714943,71.01326405645374,No,4,Yes,Masters,7,1
22,Female,515,0.47340088149491255,27.294999473148785,No,2,Yes,Not_Educated,2,0
20,Female,548,0.059716488970889325,34.142526960429834,No,3,No,Primary,1,0
17,Male,186,0.6716422815460298,44.877880399461475,No,2,No,Masters,7,0
23,Male,200,0.5822087597682312,91.32326804214563,Yes,1,Yes,Masters,5,0
16,Male,107,0.9902088935876214,18.939341788484608,Yes,1,No,Secondary,1,0
22,Female,944,0.23915877778224304,0.5026552609803114,No,4,Yes,PHD,4,1
24,Male,299,0.5307373552868359,6.0096410378170155,No,1,Yes,University,4,1
17,Male,604,0.6509573351180726,90.4766341680118,No,1,Yes,Secondary,7,0
19,Female,186,0.6445911747423436,64.7516464843363,No,2,No,Primary,9,0
20,Female,142,0.5612935429484027,27.304061932780677,Yes,1,No,PHD,2,0
24,Male,484,0.7769280103272255,17.719250101119112,No,1,No,Masters,1,1
20,Male,720,0.20498120952681642,29.426673663711433,No,3,No,Secondary,2,0
18,Male,534,0.7256272002744159,11.479692725128011,No,1,Yes,PHD,7,1
17,Male,507,0.6197345714330892,94.1532910284441,No,3,No,University,6,0
18,Male,582,0.8960751117945733,78.42061743652668,No,1,Yes,Primary,4,0
15,Male,763,0.8471944390335817,46.23911769125407,No,1,Yes,Not_Educated,1,1
18,Female,116,0.31514703913255326,86.49626051152019,No,4,Yes,Secondary,1,0
15,Female,744,0.2762373249751531,24.945820429323227,Yes,4,No,Primary,5,0
15,Female,247,0.9816533238524479,71.71205684721936,Yes,3,Yes,Not_Educated,1,0
24,Male,376,0.5272651809152565,85.61324990137435,Yes,1,Yes,Secondary,7,0
20,Female,331,0.9064209639144368,35.67687116232726,Yes,2,No,Primary,1,0
19,Male,925,0.1638810237804822,75.74644454507177,Yes,4,Yes,Primary,1,0
18,Male,465,0.6428189148001743,29.507234926430936,Yes,2,No,PHD,2,1
17,Female,327,0.8098601873605862,29.88571352590308,No,4,No,Secondary,3,0
15,Male,750,0.9473952495864468,10.705717855418605,No,4,No,Primary,1,1
20,Male,535,0.3373401410170235,44.00580465093987,Yes,1,Yes,Masters,9,0
16,Female,498,0.7249811699240525,72.97119064974223,No,4,No,Secondary,8,0
22,Female,310,0.538813009039619,94.02208055712849,Yes,2,No,Primary,5,0
24,Female,490,0.06062892606646819,60.379699192909605,No,4,No,PHD,2,0
19,Male,598,0.6899997373089434,86.3135537735739,No,3,No,Not_Educated,5,0
21,Female,639,0.6900965582378434,82.24946492902271,No,1,Yes,Not_Educated,6,1
24,Female,662,0.930606804846537,17.334305297528086,No,1,No,Masters,1,0
16,Male,590,0.4973124461689724,48.58174289126315,No,3,Yes,Secondary,4,0
22,Female,541,0.23025092071051467,11.692353552539148,No,3,No,PHD,9,0
16,Female,360,0.04456382344867915,68.2153161561635,Yes,3,Yes,Primary,2,1
18,Female,872,0.4156421866859057,94.98996682460759,Yes,4,No,Primary,5,1
15,Male,449,0.3019167000775018,13.70894580787565,No,1,Yes,Not_Educated,1,0
19,Male,451,0.7610883060238756,73.38831308025414,Yes,3,No,PHD,4,0
23,Male,619,0.3542677648410466,63.2238150867861,No,4,Yes,Masters,4,0
15,Male,419,0.9490711963148439,58.36050370080997,Yes,3,Yes,Not_Educated,6,0
23,Female,237,0.9623102029877842,39.012023468833924,No,2,Yes,Not_Educated,9,0
22,Male,649,0.6209085902177081,35.513164775381256,Yes,2,No,Masters,3,0
20,Male,722,0.9286602870148829,4.524918901888785,No,1,Yes,Secondary,9,0
21,Female,467,0.7608543445144956,21.790870825201345,Yes,4,Yes,Primary,6,0
17,Female,319,0.5468596409751262,1.5176882286826898,No,2,Yes,Secondary,7,0
15,Female,436,0.18030793542277812,58.14171055820205,Yes,2,Yes,PHD,2,1
19,Male,322,0.45859794351384,10.585323587790885,No,4,No,University,6,1
16,Male,747,0.5608744633626176,87.30193940297161,No,3,Yes,University,6,0
19,Male,867,0.8639615807350102,52.314302069716526,No,4,Yes,University,2,0
22,Female,459,0.4813333765356649,69.96899090587084,Yes,3,Yes,Masters,2,0
23,Female,428,0.8976746726779566,41.08570918404965,Yes,2,No,Not_Educated,2,0
16,Male,562,0.6743489790234689,56.057980900104866,Yes,2,Yes,Secondary,1,1
17,Female,660,0.13699906305367138,94.26591769666305,No,2,Yes,Primary,5,0
17,Female,903,0.994981369325093,8.273403962367077,Yes,1,Yes,University,8,1
15,Female,481,0.5272326607539126,25.393777192369615,No,1,Yes,Secondary,2,1
22,Male,935,0.3918582964090789,77.99883269105443,Yes,1,No,University,5,0
20,Female,689,0.6591137644695265,9.873720688266586,Yes,4,Yes,University,8,0
22,Female,716,0.10889331398103907,7.566110390411085,Yes,2,Yes,Primary,5,0
23,Male,268,0.6365386467533544,36.15413987540386,Yes,2,No,PHD,2,0
19,Male,316,0.49823600049927297,9.216795847243231,No,4,No,PHD,3,0
17,Female,477,0.40667406999858313,58.507844220620306,Yes,1,No,PHD,6,0
19,Female,218,0.9530200211788992,22.627525081659982,Yes,4,Yes,Masters,5,1
19,Male,289,0.5225397167320532,89.56979631993724,No,1,No,Not_Educated,4,0
19,Male,866,0.21911747946993843,78.35000808452567,No,2,Yes,Masters,4,0
17,Female,469,0.45896347937729864,69.97052060994761,Yes,3,No,Secondary,5,0
24,Female,877,0.9193874045726727,61.694402738450194,Yes,1,Yes,Masters,2,0
18,Female,248,0.17609547133059467,86.34657303414633,No,2,No,Secondary,9,0
23,Female,775,0.2139570386882369,22.30620615427569,No,2,Yes,Secondary,2,1
24,Male,751,0.013029567757083749,87.31088427642277,No,3,No,Not_Educated,2,0
23,Female,958,0.01419004939576718,78.94922984240523,Yes,2,Yes,Primary,9,0
16,Female,587,0.8293916269585125,74.81608263876855,Yes,2,Yes,Not_Educated,3,0
22,Male,869,0.7321226068429558,56.1255678074924,Yes,1,Yes,PHD,7,0
22,Female,473,0.35504105645195827,24.62441609706001,No,1,Yes,PHD,4,1
21,Male,880,0.6983111572275728,42.35479159918963,No,3,Yes,Masters,6,0
22,Female,792,0.3952059263099702,79.35706545388015,No,3,Yes,Secondary,4,1
17,Female,259,0.9528967959978275,3.1778484357324444,Yes,2,Yes,University,7,0
20,Male,450,0.9670526814260348,78.20507692637582,No,1,Yes,University,1,0
15,Male,387,0.3927937758093434,24.00707404875665,Yes,3,No,Secondary,3,0
21,Female,387,0.854221906340868,14.430920072160303,No,3,Yes,Not_Educated,3,0
15,Female,991,0.7730890416974662,11.570131818030216,Yes,4,Yes,Primary,1,0
23,Female,325,0.3099999371717893,2.725001195081511,Yes,3,No,Not_Educated,6,1
15,Male,622,0.23203982890110597,52.35864852214529,No,2,Yes,Secondary,9,0
15,Female,621,0.45823465039283384,21.82598726937295,Yes,1,No,Secondary,8,0
21,Male,882,0.7813488406144062,98.94317657796316,No,3,Yes,Primary,7,0
16,Male,372,0.9601677847287454,57.443675587220575,Yes,4,No,Masters,8,0
19,Female,501,0.7635790688665726,13.788526935601041,No,1,No,Masters,6,0
22,Male,282,0.85520698501837,68.87625408113654,No,3,Yes,Primary,9,0
22,Female,764,0.6030643061705165,89.77435665097254,Yes,4,No,Masters,3,0
17,Female,587,0.8354078308421259,74.51794953696144,No,3,Yes,University,9,0
21,Female,926,0.7844208580034177,7.6439861039447665,Yes,1,Yes,Masters,4,0
17,Female,945,0.3769855419262801,89.58841811926595,No,1,Yes,Masters,7,0
20,Female,223,0.5519903021207211,79.39293858599648,No,1,Yes,Masters,9,0
20,Male,725,0.8047531219896948,15.830390010561434,No,2,No,University,2,0
17,Male,889,0.04605673418995637,5.1785888732816865,No,3,Yes,Masters,2,1
21,Female,513,0.8080792823558299,55.73105753143085,Yes,2,No,PHD,9,0
17,Female,824,0.17788812404902343,15.60358113399769,No,1,No,University,3,0
22,Male,271,0.514683617121439,83.4590952595272,No,4,Yes,Primary,9,0
24,Male,387,0.8082754395559376,35.833465667167374,Yes,3,Yes,Not_Educated,5,0
18,Male,534,0.25382107815669486,91.28924447365753,Yes,2,Yes,Primary,6,1
15,Male,785,0.245807439306153,56.56881721410058,Yes,3,Yes,Not_Educated,2,0
18,Female,212,0.40276439846225187,18.267238423966813,Yes,4,No,Primary,8,1
21,Female,987,0.8946427975776345,13.95988673598001,Yes,2,Yes,PHD,9,1
18,Male,221,0.0004427814372078842,57.64724375577539,Yes,1,No,Not_Educated,2,0
20,Female,643,0.9013830966419349,76.18836118624439,No,2,Yes,Not_Educated,6,0
23,Male,321,0.15380702464160778,78.15056477421821,Yes,3,Yes,Secondary,6,0
15,Female,730,0.9900863760674821,27.575740444128126,No,3,Yes,Not_Educated,8,0
19,Male,138,0.9548469930384681,20.424675891216747,Yes,3,Yes,Not_Educated,5,0
21,Female,596,0.4946751895912833,1.6756304492382412,No,3,No,Secondary,9,0
15,Male,879,0.5127202478126281,67.91991512011694,No,1,No,Masters,1,0
18,Male,332,0.4815493402758543,7.656825843353898,No,2,Yes,Masters,9,0
20,Female,629,0.6354436456595226,42.07612017659258,Yes,1,No,Secondary,7,0
16,Male,248,0.09072170223493103,60.16821640182961,Yes,1,No,University,4,1
24,Female,496,0.032617948341566505,93.71089449196771,Yes,1,Yes,Not_Educated,3,0
19,Female,760,0.05770292841589886,31.180213695576864,Yes,3,Yes,Not_Educated,6,1
24,Male,737,0.4443653492415144,24.977216244651977,No,3,No,Secondary,1,0
15,Female,401,0.2755479392194834,65.41601542860984,Yes,3,No,Secondary,3,0
20,Female,459,0.6220395623709938,61.923903205358165,No,2,No,University,2,0
20,Female,337,0.992442289374779,33.21097833081246,No,4,No,PHD,9,0
18,Female,746,0.3863231730764659,92.81018355097865,Yes,3,Yes,Masters,3,0
22,Female,762,0.5738412541045134,84.48623274896327,Yes,2,Yes,Primary,2,0
18,Male,335,0.4156038959073355,22.398254586508116,Yes,3,No,PHD,4,1
22,Female,835,0.8472716677218594,23.91425454345232,No,3,Yes,Masters,2,0
22,Female,302,0.9022364034622381,51.23003468870806,Yes,1,No,Not_Educated,1,0
19,Female,355,0.87735561220526,77.35721017307203,No,1,No,PHD,6,1
18,Female,697,0.9743722386792576,4.4040379388464395,Yes,1,Yes,Secondary,8,1
16,Female,761,0.027519185140415292,69.33351537347066,No,2,No,University,2,0
17,Male,334,0.839816162145531,64.82358973820969,Yes,4,No,Masters,9,0
17,Female,444,0.7517721730390933,23.148009591298823,Yes,4,Yes,University,3,1
18,Male,633,0.22869440940036478,68.13530132413487,No,2,Yes,Masters,8,0
18,Male,959,0.9563200933875275,94.01831912520827,Yes,3,No,PHD,8,0
24,Male,896,0.14817792822994547,4.6785844971768515,Yes,2,No,Not_Educated,3,0
19,Male,880,0.6795499271339084,31.96520552920625,Yes,3,Yes,Primary,3,1
18,Female,565,0.22489021681591248,43.817671666635526,Yes,2,No,University,6,0
24,Male,869,0.43138064877407467,89.92603589246896,Yes,2,No,University,1,1
22,Male,640,0.7191598969445689,96.22614466091566,Yes,2,Yes,Primary,4,0
20,Female,312,0.5633246420330467,44.41152464963323,Yes,4,Yes,University,1,1
20,Female,562,0.4275018313281117,75.00284121421912,No,1,Yes,University,3,0
22,Female,535,0.3263384309319872,53.1661023764483,No,2,Yes,Masters,9,0
21,Male,382,0.8396596557087903,53.77829347413765,Yes,4,Yes,Masters,5,1
24,Female,661,0.1438143503148137,27.809951506635645,Yes,1,Yes,Primary,5,0
24,Female,706,0.43010287652980006,21.69562458638795,Yes,1,No,Not_Educated,4,0
22,Male,562,0.9037575717751422,28.800534592404116,No,2,No,PHD,3,0
16,Female,506,0.8458495504599677,55.63280072570793,No,3,Yes,PHD,5,0
23,Female,187,0.4009417624730467,2.9155186022088997,Yes,3,Yes,University,4,0
